Full_Date,all_beeps,Trait,Facet,value
2019-11-04 12:46,1,agreeableness,Compassion,3.476627687649338
2019-11-04 12:46,1,agreeableness,Respectfulness,2.1528636357452
2019-11-04 12:46,1,agreeableness,Trust,2.5
2019-11-04 12:46,1,conscientiousness,Organization,1.1292214759778427
2019-11-04 12:46,1,conscientiousness,Productiveness,2
2019-11-04 12:46,1,conscientiousness,Responsibility,3
2019-11-04 12:46,1,extraversion,Assertiveness,4.063177188267281
2019-11-04 12:46,1,extraversion,Energy.Level,2.763400413920918
2019-11-04 12:46,1,extraversion,Sociability,2.5
2019-11-04 12:46,1,neuroticism,Anxiety,3
2019-11-04 12:46,1,neuroticism,Depression,4.5
2019-11-04 12:46,1,neuroticism,Emotional.Volatility,3.842413043833437
2019-11-04 12:46,1,openness,Aesthetic.Sensitivity,3
2019-11-04 12:46,1,openness,Creative.Imagination,3.037254142451323
2019-11-04 12:46,1,openness,Intellectual.Curiosity,2
2019-11-04 17:32,2,agreeableness,Compassion,2
2019-11-04 17:32,2,agreeableness,Respectfulness,4.759422137380574
2019-11-04 17:32,2,agreeableness,Trust,3
2019-11-04 17:32,2,conscientiousness,Organization,3.640070398811501
2019-11-04 17:32,2,conscientiousness,Productiveness,3
2019-11-04 17:32,2,conscientiousness,Responsibility,3
2019-11-04 17:32,2,extraversion,Assertiveness,2.9772247335120228
2019-11-04 17:32,2,extraversion,Energy.Level,4
2019-11-04 17:32,2,extraversion,Sociability,3
2019-11-04 17:32,2,neuroticism,Anxiety,4
2019-11-04 17:32,2,neuroticism,Depression,4
2019-11-04 17:32,2,neuroticism,Emotional.Volatility,2
2019-11-04 17:32,2,openness,Aesthetic.Sensitivity,2
2019-11-04 17:32,2,openness,Creative.Imagination,3.3809578960317572
2019-11-04 17:32,2,openness,Intellectual.Curiosity,4
2019-11-04 22:12,3,agreeableness,Compassion,4
2019-11-04 22:12,3,agreeableness,Respectfulness,4
2019-11-04 22:12,3,agreeableness,Trust,3.1452937565210903
2019-11-04 22:12,3,conscientiousness,Organization,4
2019-11-04 22:12,3,conscientiousness,Productiveness,2
2019-11-04 22:12,3,conscientiousness,Responsibility,4.96666113103158
2019-11-04 22:12,3,extraversion,Assertiveness,2
2019-11-04 22:12,3,extraversion,Energy.Level,3
2019-11-04 22:12,3,extraversion,Sociability,2.569572793816532
2019-11-04 22:12,3,neuroticism,Anxiety,2
2019-11-04 22:12,3,neuroticism,Depression,3
2019-11-04 22:12,3,neuroticism,Emotional.Volatility,2
2019-11-04 22:12,3,openness,Aesthetic.Sensitivity,1
2019-11-04 22:12,3,openness,Creative.Imagination,3.3451806876256507
2019-11-04 22:12,3,openness,Intellectual.Curiosity,4
2019-11-05 0:00,4,agreeableness,Compassion,NA
2019-11-05 0:00,4,agreeableness,Respectfulness,NA
2019-11-05 0:00,4,agreeableness,Trust,NA
2019-11-05 0:00,4,conscientiousness,Organization,NA
2019-11-05 0:00,4,conscientiousness,Productiveness,NA
2019-11-05 0:00,4,conscientiousness,Responsibility,NA
2019-11-05 0:00,4,extraversion,Assertiveness,NA
2019-11-05 0:00,4,extraversion,Energy.Level,NA
2019-11-05 0:00,4,extraversion,Sociability,NA
2019-11-05 0:00,4,neuroticism,Anxiety,NA
2019-11-05 0:00,4,neuroticism,Depression,NA
2019-11-05 0:00,4,neuroticism,Emotional.Volatility,NA
2019-11-05 0:00,4,openness,Aesthetic.Sensitivity,NA
2019-11-05 0:00,4,openness,Creative.Imagination,NA
2019-11-05 0:00,4,openness,Intellectual.Curiosity,NA
2019-11-05 0:01,5,agreeableness,Compassion,3.2790709644152614
2019-11-05 0:01,5,agreeableness,Respectfulness,4
2019-11-05 0:01,5,agreeableness,Trust,3
2019-11-05 0:01,5,conscientiousness,Organization,2.7688256419000696
2019-11-05 0:01,5,conscientiousness,Productiveness,2
2019-11-05 0:01,5,conscientiousness,Responsibility,2
2019-11-05 0:01,5,extraversion,Assertiveness,1.3869840077251214
2019-11-05 0:01,5,extraversion,Energy.Level,2
2019-11-05 0:01,5,extraversion,Sociability,3
2019-11-05 0:01,5,neuroticism,Anxiety,2
2019-11-05 0:01,5,neuroticism,Depression,3
2019-11-05 0:01,5,neuroticism,Emotional.Volatility,2
2019-11-05 0:01,5,openness,Aesthetic.Sensitivity,3.664119025407498
2019-11-05 0:01,5,openness,Creative.Imagination,2.152534543052062
2019-11-05 0:01,5,openness,Intellectual.Curiosity,3
2019-11-05 4:00,6,agreeableness,Compassion,NA
2019-11-05 4:00,6,agreeableness,Respectfulness,NA
2019-11-05 4:00,6,agreeableness,Trust,NA
2019-11-05 4:00,6,conscientiousness,Organization,NA
2019-11-05 4:00,6,conscientiousness,Productiveness,NA
2019-11-05 4:00,6,conscientiousness,Responsibility,NA
2019-11-05 4:00,6,extraversion,Assertiveness,NA
2019-11-05 4:00,6,extraversion,Energy.Level,NA
2019-11-05 4:00,6,extraversion,Sociability,NA
2019-11-05 4:00,6,neuroticism,Anxiety,NA
2019-11-05 4:00,6,neuroticism,Depression,NA
2019-11-05 4:00,6,neuroticism,Emotional.Volatility,NA
2019-11-05 4:00,6,openness,Aesthetic.Sensitivity,NA
2019-11-05 4:00,6,openness,Creative.Imagination,NA
2019-11-05 4:00,6,openness,Intellectual.Curiosity,NA
2019-11-05 8:00,7,agreeableness,Compassion,NA
2019-11-05 8:00,7,agreeableness,Respectfulness,NA
2019-11-05 8:00,7,agreeableness,Trust,NA
2019-11-05 8:00,7,conscientiousness,Organization,NA
2019-11-05 8:00,7,conscientiousness,Productiveness,NA
2019-11-05 8:00,7,conscientiousness,Responsibility,NA
2019-11-05 8:00,7,extraversion,Assertiveness,NA
2019-11-05 8:00,7,extraversion,Energy.Level,NA
2019-11-05 8:00,7,extraversion,Sociability,NA
2019-11-05 8:00,7,neuroticism,Anxiety,NA
2019-11-05 8:00,7,neuroticism,Depression,NA
2019-11-05 8:00,7,neuroticism,Emotional.Volatility,NA
2019-11-05 8:00,7,openness,Aesthetic.Sensitivity,NA
2019-11-05 8:00,7,openness,Creative.Imagination,NA
2019-11-05 8:00,7,openness,Intellectual.Curiosity,NA
2019-11-05 14:49,8,agreeableness,Compassion,3.6669936262367964
2019-11-05 14:49,8,agreeableness,Respectfulness,3.9683854442635185
2019-11-05 14:49,8,agreeableness,Trust,3
2019-11-05 14:49,8,conscientiousness,Organization,1.9044544761147155
2019-11-05 14:49,8,conscientiousness,Productiveness,3
2019-11-05 14:49,8,conscientiousness,Responsibility,4
2019-11-05 14:49,8,extraversion,Assertiveness,4.996389624425987
2019-11-05 14:49,8,extraversion,Energy.Level,3
2019-11-05 14:49,8,extraversion,Sociability,2.7513971080128474
2019-11-05 14:49,8,neuroticism,Anxiety,2
2019-11-05 14:49,8,neuroticism,Depression,2
2019-11-05 14:49,8,neuroticism,Emotional.Volatility,2
2019-11-05 14:49,8,openness,Aesthetic.Sensitivity,1
2019-11-05 14:49,8,openness,Creative.Imagination,3
2019-11-05 14:49,8,openness,Intellectual.Curiosity,3.380078591521934
2019-11-05 16:00,9,agreeableness,Compassion,NA
2019-11-05 16:00,9,agreeableness,Respectfulness,NA
2019-11-05 16:00,9,agreeableness,Trust,NA
2019-11-05 16:00,9,conscientiousness,Organization,NA
2019-11-05 16:00,9,conscientiousness,Productiveness,NA
2019-11-05 16:00,9,conscientiousness,Responsibility,NA
2019-11-05 16:00,9,extraversion,Assertiveness,NA
2019-11-05 16:00,9,extraversion,Energy.Level,NA
2019-11-05 16:00,9,extraversion,Sociability,NA
2019-11-05 16:00,9,neuroticism,Anxiety,NA
2019-11-05 16:00,9,neuroticism,Depression,NA
2019-11-05 16:00,9,neuroticism,Emotional.Volatility,NA
2019-11-05 16:00,9,openness,Aesthetic.Sensitivity,NA
2019-11-05 16:00,9,openness,Creative.Imagination,NA
2019-11-05 16:00,9,openness,Intellectual.Curiosity,NA
2019-11-05 20:01,10,agreeableness,Compassion,3
2019-11-05 20:01,10,agreeableness,Respectfulness,3
2019-11-05 20:01,10,agreeableness,Trust,3.1695061036925627
2019-11-05 20:01,10,conscientiousness,Organization,2
2019-11-05 20:01,10,conscientiousness,Productiveness,3
2019-11-05 20:01,10,conscientiousness,Responsibility,2.3969746185262553
2019-11-05 20:01,10,extraversion,Assertiveness,3.8005699090450946
2019-11-05 20:01,10,extraversion,Energy.Level,4
2019-11-05 20:01,10,extraversion,Sociability,4
2019-11-05 20:01,10,neuroticism,Anxiety,2
2019-11-05 20:01,10,neuroticism,Depression,2.5
2019-11-05 20:01,10,neuroticism,Emotional.Volatility,4.917232408963515
2019-11-05 20:01,10,openness,Aesthetic.Sensitivity,4
2019-11-05 20:01,10,openness,Creative.Imagination,3.28414982827708
2019-11-05 20:01,10,openness,Intellectual.Curiosity,4
2019-11-06 4:00,11,agreeableness,Compassion,NA
2019-11-06 4:00,11,agreeableness,Respectfulness,NA
2019-11-06 4:00,11,agreeableness,Trust,NA
2019-11-06 4:00,11,conscientiousness,Organization,NA
2019-11-06 4:00,11,conscientiousness,Productiveness,NA
2019-11-06 4:00,11,conscientiousness,Responsibility,NA
2019-11-06 4:00,11,extraversion,Assertiveness,NA
2019-11-06 4:00,11,extraversion,Energy.Level,NA
2019-11-06 4:00,11,extraversion,Sociability,NA
2019-11-06 4:00,11,neuroticism,Anxiety,NA
2019-11-06 4:00,11,neuroticism,Depression,NA
2019-11-06 4:00,11,neuroticism,Emotional.Volatility,NA
2019-11-06 4:00,11,openness,Aesthetic.Sensitivity,NA
2019-11-06 4:00,11,openness,Creative.Imagination,NA
2019-11-06 4:00,11,openness,Intellectual.Curiosity,NA
2019-11-06 8:00,12,agreeableness,Compassion,NA
2019-11-06 8:00,12,agreeableness,Respectfulness,NA
2019-11-06 8:00,12,agreeableness,Trust,NA
2019-11-06 8:00,12,conscientiousness,Organization,NA
2019-11-06 8:00,12,conscientiousness,Productiveness,NA
2019-11-06 8:00,12,conscientiousness,Responsibility,NA
2019-11-06 8:00,12,extraversion,Assertiveness,NA
2019-11-06 8:00,12,extraversion,Energy.Level,NA
2019-11-06 8:00,12,extraversion,Sociability,NA
2019-11-06 8:00,12,neuroticism,Anxiety,NA
2019-11-06 8:00,12,neuroticism,Depression,NA
2019-11-06 8:00,12,neuroticism,Emotional.Volatility,NA
2019-11-06 8:00,12,openness,Aesthetic.Sensitivity,NA
2019-11-06 8:00,12,openness,Creative.Imagination,NA
2019-11-06 8:00,12,openness,Intellectual.Curiosity,NA
2019-11-06 12:00,13,agreeableness,Compassion,NA
2019-11-06 12:00,13,agreeableness,Respectfulness,NA
2019-11-06 12:00,13,agreeableness,Trust,NA
2019-11-06 12:00,13,conscientiousness,Organization,NA
2019-11-06 12:00,13,conscientiousness,Productiveness,NA
2019-11-06 12:00,13,conscientiousness,Responsibility,NA
2019-11-06 12:00,13,extraversion,Assertiveness,NA
2019-11-06 12:00,13,extraversion,Energy.Level,NA
2019-11-06 12:00,13,extraversion,Sociability,NA
2019-11-06 12:00,13,neuroticism,Anxiety,NA
2019-11-06 12:00,13,neuroticism,Depression,NA
2019-11-06 12:00,13,neuroticism,Emotional.Volatility,NA
2019-11-06 12:00,13,openness,Aesthetic.Sensitivity,NA
2019-11-06 12:00,13,openness,Creative.Imagination,NA
2019-11-06 12:00,13,openness,Intellectual.Curiosity,NA
2019-11-06 17:45,14,agreeableness,Compassion,4
2019-11-06 17:45,14,agreeableness,Respectfulness,4
2019-11-06 17:45,14,agreeableness,Trust,2.867907212157766
2019-11-06 17:45,14,conscientiousness,Organization,1.8221048621583775
2019-11-06 17:45,14,conscientiousness,Productiveness,2
2019-11-06 17:45,14,conscientiousness,Responsibility,2
2019-11-06 17:45,14,extraversion,Assertiveness,2.5163394030670156
2019-11-06 17:45,14,extraversion,Energy.Level,2.5
2019-11-06 17:45,14,extraversion,Sociability,1.9559951563650169
2019-11-06 17:45,14,neuroticism,Anxiety,4
2019-11-06 17:45,14,neuroticism,Depression,4
2019-11-06 17:45,14,neuroticism,Emotional.Volatility,4
2019-11-06 17:45,14,openness,Aesthetic.Sensitivity,2
2019-11-06 17:45,14,openness,Creative.Imagination,2.9245073727866875
2019-11-06 17:45,14,openness,Intellectual.Curiosity,2
2019-11-06 20:18,15,agreeableness,Compassion,4.87576765367009
2019-11-06 20:18,15,agreeableness,Respectfulness,4.05038046776418
2019-11-06 20:18,15,agreeableness,Trust,3
2019-11-06 20:18,15,conscientiousness,Organization,3
2019-11-06 20:18,15,conscientiousness,Productiveness,2
2019-11-06 20:18,15,conscientiousness,Responsibility,2.642985586748049
2019-11-06 20:18,15,extraversion,Assertiveness,1
2019-11-06 20:18,15,extraversion,Energy.Level,3.076895533900689
2019-11-06 20:18,15,extraversion,Sociability,4
2019-11-06 20:18,15,neuroticism,Anxiety,3
2019-11-06 20:18,15,neuroticism,Depression,3.6666666666666665
2019-11-06 20:18,15,neuroticism,Emotional.Volatility,3.4542726927159206
2019-11-06 20:18,15,openness,Aesthetic.Sensitivity,4
2019-11-06 20:18,15,openness,Creative.Imagination,2.837997562045937
2019-11-06 20:18,15,openness,Intellectual.Curiosity,3
2019-11-07 0:00,16,agreeableness,Compassion,NA
2019-11-07 0:00,16,agreeableness,Respectfulness,NA
2019-11-07 0:00,16,agreeableness,Trust,NA
2019-11-07 0:00,16,conscientiousness,Organization,NA
2019-11-07 0:00,16,conscientiousness,Productiveness,NA
2019-11-07 0:00,16,conscientiousness,Responsibility,NA
2019-11-07 0:00,16,extraversion,Assertiveness,NA
2019-11-07 0:00,16,extraversion,Energy.Level,NA
2019-11-07 0:00,16,extraversion,Sociability,NA
2019-11-07 0:00,16,neuroticism,Anxiety,NA
2019-11-07 0:00,16,neuroticism,Depression,NA
2019-11-07 0:00,16,neuroticism,Emotional.Volatility,NA
2019-11-07 0:00,16,openness,Aesthetic.Sensitivity,NA
2019-11-07 0:00,16,openness,Creative.Imagination,NA
2019-11-07 0:00,16,openness,Intellectual.Curiosity,NA
2019-11-07 0:30,17,agreeableness,Compassion,3
2019-11-07 0:30,17,agreeableness,Respectfulness,2.907104706147872
2019-11-07 0:30,17,agreeableness,Trust,2
2019-11-07 0:30,17,conscientiousness,Organization,2
2019-11-07 0:30,17,conscientiousness,Productiveness,3
2019-11-07 0:30,17,conscientiousness,Responsibility,4.4664566650221795
2019-11-07 0:30,17,extraversion,Assertiveness,4
2019-11-07 0:30,17,extraversion,Energy.Level,2
2019-11-07 0:30,17,extraversion,Sociability,1.3837823199474353
2019-11-07 0:30,17,neuroticism,Anxiety,2
2019-11-07 0:30,17,neuroticism,Depression,3
2019-11-07 0:30,17,neuroticism,Emotional.Volatility,2
2019-11-07 0:30,17,openness,Aesthetic.Sensitivity,3.377084926765749
2019-11-07 0:30,17,openness,Creative.Imagination,3
2019-11-07 0:30,17,openness,Intellectual.Curiosity,2.423505082236885
2019-11-07 4:00,18,agreeableness,Compassion,NA
2019-11-07 4:00,18,agreeableness,Respectfulness,NA
2019-11-07 4:00,18,agreeableness,Trust,NA
2019-11-07 4:00,18,conscientiousness,Organization,NA
2019-11-07 4:00,18,conscientiousness,Productiveness,NA
2019-11-07 4:00,18,conscientiousness,Responsibility,NA
2019-11-07 4:00,18,extraversion,Assertiveness,NA
2019-11-07 4:00,18,extraversion,Energy.Level,NA
2019-11-07 4:00,18,extraversion,Sociability,NA
2019-11-07 4:00,18,neuroticism,Anxiety,NA
2019-11-07 4:00,18,neuroticism,Depression,NA
2019-11-07 4:00,18,neuroticism,Emotional.Volatility,NA
2019-11-07 4:00,18,openness,Aesthetic.Sensitivity,NA
2019-11-07 4:00,18,openness,Creative.Imagination,NA
2019-11-07 4:00,18,openness,Intellectual.Curiosity,NA
2019-11-07 8:00,19,agreeableness,Compassion,NA
2019-11-07 8:00,19,agreeableness,Respectfulness,NA
2019-11-07 8:00,19,agreeableness,Trust,NA
2019-11-07 8:00,19,conscientiousness,Organization,NA
2019-11-07 8:00,19,conscientiousness,Productiveness,NA
2019-11-07 8:00,19,conscientiousness,Responsibility,NA
2019-11-07 8:00,19,extraversion,Assertiveness,NA
2019-11-07 8:00,19,extraversion,Energy.Level,NA
2019-11-07 8:00,19,extraversion,Sociability,NA
2019-11-07 8:00,19,neuroticism,Anxiety,NA
2019-11-07 8:00,19,neuroticism,Depression,NA
2019-11-07 8:00,19,neuroticism,Emotional.Volatility,NA
2019-11-07 8:00,19,openness,Aesthetic.Sensitivity,NA
2019-11-07 8:00,19,openness,Creative.Imagination,NA
2019-11-07 8:00,19,openness,Intellectual.Curiosity,NA
2019-11-07 13:15,20,agreeableness,Compassion,4
2019-11-07 13:15,20,agreeableness,Respectfulness,4
2019-11-07 13:15,20,agreeableness,Trust,3.470962543832294
2019-11-07 13:15,20,conscientiousness,Organization,3.5
2019-11-07 13:15,20,conscientiousness,Productiveness,5.506530192268663
2019-11-07 13:15,20,conscientiousness,Responsibility,4.574192789784613
2019-11-07 13:15,20,extraversion,Assertiveness,3
2019-11-07 13:15,20,extraversion,Energy.Level,2.440420717361263
2019-11-07 13:15,20,extraversion,Sociability,2.1137317131007523
2019-11-07 13:15,20,neuroticism,Anxiety,2
2019-11-07 13:15,20,neuroticism,Depression,2
2019-11-07 13:15,20,neuroticism,Emotional.Volatility,2
2019-11-07 13:15,20,openness,Aesthetic.Sensitivity,2
2019-11-07 13:15,20,openness,Creative.Imagination,2.702356588266288
2019-11-07 13:15,20,openness,Intellectual.Curiosity,4
2019-11-07 17:07,21,agreeableness,Compassion,4
2019-11-07 17:07,21,agreeableness,Respectfulness,3
2019-11-07 17:07,21,agreeableness,Trust,3.8601663754527467
2019-11-07 17:07,21,conscientiousness,Organization,2
2019-11-07 17:07,21,conscientiousness,Productiveness,3.557004867524767
2019-11-07 17:07,21,conscientiousness,Responsibility,4
2019-11-07 17:07,21,extraversion,Assertiveness,2.033889730007219
2019-11-07 17:07,21,extraversion,Energy.Level,4.5
2019-11-07 17:07,21,extraversion,Sociability,2.9097822193411402
2019-11-07 17:07,21,neuroticism,Anxiety,2
2019-11-07 17:07,21,neuroticism,Depression,2
2019-11-07 17:07,21,neuroticism,Emotional.Volatility,2.175375406504757
2019-11-07 17:07,21,openness,Aesthetic.Sensitivity,3.7308814377598662
2019-11-07 17:07,21,openness,Creative.Imagination,3
2019-11-07 17:07,21,openness,Intellectual.Curiosity,3
2019-11-07 20:13,22,agreeableness,Compassion,3
2019-11-07 20:13,22,agreeableness,Respectfulness,2
2019-11-07 20:13,22,agreeableness,Trust,2.396300780682426
2019-11-07 20:13,22,conscientiousness,Organization,3.207738667654354
2019-11-07 20:13,22,conscientiousness,Productiveness,3.5
2019-11-07 20:13,22,conscientiousness,Responsibility,4.472759883390241
2019-11-07 20:13,22,extraversion,Assertiveness,4
2019-11-07 20:13,22,extraversion,Energy.Level,4.35817822073019
2019-11-07 20:13,22,extraversion,Sociability,4
2019-11-07 20:13,22,neuroticism,Anxiety,2.5
2019-11-07 20:13,22,neuroticism,Depression,2
2019-11-07 20:13,22,neuroticism,Emotional.Volatility,2
2019-11-07 20:13,22,openness,Aesthetic.Sensitivity,3
2019-11-07 20:13,22,openness,Creative.Imagination,3
2019-11-07 20:13,22,openness,Intellectual.Curiosity,4.097025962306274
2019-11-08 2:05,23,agreeableness,Compassion,2.4523065514655333
2019-11-08 2:05,23,agreeableness,Respectfulness,3.3333333333333335
2019-11-08 2:05,23,agreeableness,Trust,2.349706362612488
2019-11-08 2:05,23,conscientiousness,Organization,3.659926263892432
2019-11-08 2:05,23,conscientiousness,Productiveness,4
2019-11-08 2:05,23,conscientiousness,Responsibility,3.7135267134955066
2019-11-08 2:05,23,extraversion,Assertiveness,1.8524440491315455
2019-11-08 2:05,23,extraversion,Energy.Level,4
2019-11-08 2:05,23,extraversion,Sociability,2.7467383331157067
2019-11-08 2:05,23,neuroticism,Anxiety,2
2019-11-08 2:05,23,neuroticism,Depression,2
2019-11-08 2:05,23,neuroticism,Emotional.Volatility,2
2019-11-08 2:05,23,openness,Aesthetic.Sensitivity,2.485061200731839
2019-11-08 2:05,23,openness,Creative.Imagination,3.373507519572094
2019-11-08 2:05,23,openness,Intellectual.Curiosity,4
2019-11-08 4:00,24,agreeableness,Compassion,NA
2019-11-08 4:00,24,agreeableness,Respectfulness,NA
2019-11-08 4:00,24,agreeableness,Trust,NA
2019-11-08 4:00,24,conscientiousness,Organization,NA
2019-11-08 4:00,24,conscientiousness,Productiveness,NA
2019-11-08 4:00,24,conscientiousness,Responsibility,NA
2019-11-08 4:00,24,extraversion,Assertiveness,NA
2019-11-08 4:00,24,extraversion,Energy.Level,NA
2019-11-08 4:00,24,extraversion,Sociability,NA
2019-11-08 4:00,24,neuroticism,Anxiety,NA
2019-11-08 4:00,24,neuroticism,Depression,NA
2019-11-08 4:00,24,neuroticism,Emotional.Volatility,NA
2019-11-08 4:00,24,openness,Aesthetic.Sensitivity,NA
2019-11-08 4:00,24,openness,Creative.Imagination,NA
2019-11-08 4:00,24,openness,Intellectual.Curiosity,NA
2019-11-08 8:00,25,agreeableness,Compassion,NA
2019-11-08 8:00,25,agreeableness,Respectfulness,NA
2019-11-08 8:00,25,agreeableness,Trust,NA
2019-11-08 8:00,25,conscientiousness,Organization,NA
2019-11-08 8:00,25,conscientiousness,Productiveness,NA
2019-11-08 8:00,25,conscientiousness,Responsibility,NA
2019-11-08 8:00,25,extraversion,Assertiveness,NA
2019-11-08 8:00,25,extraversion,Energy.Level,NA
2019-11-08 8:00,25,extraversion,Sociability,NA
2019-11-08 8:00,25,neuroticism,Anxiety,NA
2019-11-08 8:00,25,neuroticism,Depression,NA
2019-11-08 8:00,25,neuroticism,Emotional.Volatility,NA
2019-11-08 8:00,25,openness,Aesthetic.Sensitivity,NA
2019-11-08 8:00,25,openness,Creative.Imagination,NA
2019-11-08 8:00,25,openness,Intellectual.Curiosity,NA
2019-11-08 12:00,26,agreeableness,Compassion,NA
2019-11-08 12:00,26,agreeableness,Respectfulness,NA
2019-11-08 12:00,26,agreeableness,Trust,NA
2019-11-08 12:00,26,conscientiousness,Organization,NA
2019-11-08 12:00,26,conscientiousness,Productiveness,NA
2019-11-08 12:00,26,conscientiousness,Responsibility,NA
2019-11-08 12:00,26,extraversion,Assertiveness,NA
2019-11-08 12:00,26,extraversion,Energy.Level,NA
2019-11-08 12:00,26,extraversion,Sociability,NA
2019-11-08 12:00,26,neuroticism,Anxiety,NA
2019-11-08 12:00,26,neuroticism,Depression,NA
2019-11-08 12:00,26,neuroticism,Emotional.Volatility,NA
2019-11-08 12:00,26,openness,Aesthetic.Sensitivity,NA
2019-11-08 12:00,26,openness,Creative.Imagination,NA
2019-11-08 12:00,26,openness,Intellectual.Curiosity,NA
2019-11-08 18:39,27,agreeableness,Compassion,4
2019-11-08 18:39,27,agreeableness,Respectfulness,3.3677445878911736
2019-11-08 18:39,27,agreeableness,Trust,3
2019-11-08 18:39,27,conscientiousness,Organization,2
2019-11-08 18:39,27,conscientiousness,Productiveness,2
2019-11-08 18:39,27,conscientiousness,Responsibility,3.286629982349646
2019-11-08 18:39,27,extraversion,Assertiveness,3.4986919840798274
2019-11-08 18:39,27,extraversion,Energy.Level,1
2019-11-08 18:39,27,extraversion,Sociability,3
2019-11-08 18:39,27,neuroticism,Anxiety,4
2019-11-08 18:39,27,neuroticism,Depression,3
2019-11-08 18:39,27,neuroticism,Emotional.Volatility,2
2019-11-08 18:39,27,openness,Aesthetic.Sensitivity,3.5857555862938075
2019-11-08 18:39,27,openness,Creative.Imagination,3.147915618763224
2019-11-08 18:39,27,openness,Intellectual.Curiosity,3.5
2019-11-08 23:10,28,agreeableness,Compassion,3.199359542942836
2019-11-08 23:10,28,agreeableness,Respectfulness,2.4618041908692945
2019-11-08 23:10,28,agreeableness,Trust,2.5
2019-11-08 23:10,28,conscientiousness,Organization,2.7112106338322897
2019-11-08 23:10,28,conscientiousness,Productiveness,2.5
2019-11-08 23:10,28,conscientiousness,Responsibility,3.6785233686245387
2019-11-08 23:10,28,extraversion,Assertiveness,2
2019-11-08 23:10,28,extraversion,Energy.Level,1.7145624333905594
2019-11-08 23:10,28,extraversion,Sociability,4
2019-11-08 23:10,28,neuroticism,Anxiety,3
2019-11-08 23:10,28,neuroticism,Depression,4
2019-11-08 23:10,28,neuroticism,Emotional.Volatility,4
2019-11-08 23:10,28,openness,Aesthetic.Sensitivity,3
2019-11-08 23:10,28,openness,Creative.Imagination,3.540874064901367
2019-11-08 23:10,28,openness,Intellectual.Curiosity,3
2019-11-09 4:00,29,agreeableness,Compassion,NA
2019-11-09 4:00,29,agreeableness,Respectfulness,NA
2019-11-09 4:00,29,agreeableness,Trust,NA
2019-11-09 4:00,29,conscientiousness,Organization,NA
2019-11-09 4:00,29,conscientiousness,Productiveness,NA
2019-11-09 4:00,29,conscientiousness,Responsibility,NA
2019-11-09 4:00,29,extraversion,Assertiveness,NA
2019-11-09 4:00,29,extraversion,Energy.Level,NA
2019-11-09 4:00,29,extraversion,Sociability,NA
2019-11-09 4:00,29,neuroticism,Anxiety,NA
2019-11-09 4:00,29,neuroticism,Depression,NA
2019-11-09 4:00,29,neuroticism,Emotional.Volatility,NA
2019-11-09 4:00,29,openness,Aesthetic.Sensitivity,NA
2019-11-09 4:00,29,openness,Creative.Imagination,NA
2019-11-09 4:00,29,openness,Intellectual.Curiosity,NA
2019-11-09 8:00,30,agreeableness,Compassion,NA
2019-11-09 8:00,30,agreeableness,Respectfulness,NA
2019-11-09 8:00,30,agreeableness,Trust,NA
2019-11-09 8:00,30,conscientiousness,Organization,NA
2019-11-09 8:00,30,conscientiousness,Productiveness,NA
2019-11-09 8:00,30,conscientiousness,Responsibility,NA
2019-11-09 8:00,30,extraversion,Assertiveness,NA
2019-11-09 8:00,30,extraversion,Energy.Level,NA
2019-11-09 8:00,30,extraversion,Sociability,NA
2019-11-09 8:00,30,neuroticism,Anxiety,NA
2019-11-09 8:00,30,neuroticism,Depression,NA
2019-11-09 8:00,30,neuroticism,Emotional.Volatility,NA
2019-11-09 8:00,30,openness,Aesthetic.Sensitivity,NA
2019-11-09 8:00,30,openness,Creative.Imagination,NA
2019-11-09 8:00,30,openness,Intellectual.Curiosity,NA
2019-11-09 15:10,31,agreeableness,Compassion,2
2019-11-09 15:10,31,agreeableness,Respectfulness,3.5260701952311866
2019-11-09 15:10,31,agreeableness,Trust,3
2019-11-09 15:10,31,conscientiousness,Organization,2
2019-11-09 15:10,31,conscientiousness,Productiveness,1
2019-11-09 15:10,31,conscientiousness,Responsibility,4.552872346407696
2019-11-09 15:10,31,extraversion,Assertiveness,3
2019-11-09 15:10,31,extraversion,Energy.Level,3
2019-11-09 15:10,31,extraversion,Sociability,4.122485960450781
2019-11-09 15:10,31,neuroticism,Anxiety,3.6666666666666665
2019-11-09 15:10,31,neuroticism,Depression,4
2019-11-09 15:10,31,neuroticism,Emotional.Volatility,2.137304630513201
2019-11-09 15:10,31,openness,Aesthetic.Sensitivity,4
2019-11-09 15:10,31,openness,Creative.Imagination,2
2019-11-09 15:10,31,openness,Intellectual.Curiosity,2.851772805329175
2019-11-09 16:00,32,agreeableness,Compassion,NA
2019-11-09 16:00,32,agreeableness,Respectfulness,NA
2019-11-09 16:00,32,agreeableness,Trust,NA
2019-11-09 16:00,32,conscientiousness,Organization,NA
2019-11-09 16:00,32,conscientiousness,Productiveness,NA
2019-11-09 16:00,32,conscientiousness,Responsibility,NA
2019-11-09 16:00,32,extraversion,Assertiveness,NA
2019-11-09 16:00,32,extraversion,Energy.Level,NA
2019-11-09 16:00,32,extraversion,Sociability,NA
2019-11-09 16:00,32,neuroticism,Anxiety,NA
2019-11-09 16:00,32,neuroticism,Depression,NA
2019-11-09 16:00,32,neuroticism,Emotional.Volatility,NA
2019-11-09 16:00,32,openness,Aesthetic.Sensitivity,NA
2019-11-09 16:00,32,openness,Creative.Imagination,NA
2019-11-09 16:00,32,openness,Intellectual.Curiosity,NA
2019-11-09 20:00,33,agreeableness,Compassion,NA
2019-11-09 20:00,33,agreeableness,Respectfulness,NA
2019-11-09 20:00,33,agreeableness,Trust,NA
2019-11-09 20:00,33,conscientiousness,Organization,NA
2019-11-09 20:00,33,conscientiousness,Productiveness,NA
2019-11-09 20:00,33,conscientiousness,Responsibility,NA
2019-11-09 20:00,33,extraversion,Assertiveness,NA
2019-11-09 20:00,33,extraversion,Energy.Level,NA
2019-11-09 20:00,33,extraversion,Sociability,NA
2019-11-09 20:00,33,neuroticism,Anxiety,NA
2019-11-09 20:00,33,neuroticism,Depression,NA
2019-11-09 20:00,33,neuroticism,Emotional.Volatility,NA
2019-11-09 20:00,33,openness,Aesthetic.Sensitivity,NA
2019-11-09 20:00,33,openness,Creative.Imagination,NA
2019-11-09 20:00,33,openness,Intellectual.Curiosity,NA
2019-11-10 0:00,34,agreeableness,Compassion,NA
2019-11-10 0:00,34,agreeableness,Respectfulness,NA
2019-11-10 0:00,34,agreeableness,Trust,NA
2019-11-10 0:00,34,conscientiousness,Organization,NA
2019-11-10 0:00,34,conscientiousness,Productiveness,NA
2019-11-10 0:00,34,conscientiousness,Responsibility,NA
2019-11-10 0:00,34,extraversion,Assertiveness,NA
2019-11-10 0:00,34,extraversion,Energy.Level,NA
2019-11-10 0:00,34,extraversion,Sociability,NA
2019-11-10 0:00,34,neuroticism,Anxiety,NA
2019-11-10 0:00,34,neuroticism,Depression,NA
2019-11-10 0:00,34,neuroticism,Emotional.Volatility,NA
2019-11-10 0:00,34,openness,Aesthetic.Sensitivity,NA
2019-11-10 0:00,34,openness,Creative.Imagination,NA
2019-11-10 0:00,34,openness,Intellectual.Curiosity,NA
2019-11-10 4:00,35,agreeableness,Compassion,NA
2019-11-10 4:00,35,agreeableness,Respectfulness,NA
2019-11-10 4:00,35,agreeableness,Trust,NA
2019-11-10 4:00,35,conscientiousness,Organization,NA
2019-11-10 4:00,35,conscientiousness,Productiveness,NA
2019-11-10 4:00,35,conscientiousness,Responsibility,NA
2019-11-10 4:00,35,extraversion,Assertiveness,NA
2019-11-10 4:00,35,extraversion,Energy.Level,NA
2019-11-10 4:00,35,extraversion,Sociability,NA
2019-11-10 4:00,35,neuroticism,Anxiety,NA
2019-11-10 4:00,35,neuroticism,Depression,NA
2019-11-10 4:00,35,neuroticism,Emotional.Volatility,NA
2019-11-10 4:00,35,openness,Aesthetic.Sensitivity,NA
2019-11-10 4:00,35,openness,Creative.Imagination,NA
2019-11-10 4:00,35,openness,Intellectual.Curiosity,NA
2019-11-10 8:00,36,agreeableness,Compassion,NA
2019-11-10 8:00,36,agreeableness,Respectfulness,NA
2019-11-10 8:00,36,agreeableness,Trust,NA
2019-11-10 8:00,36,conscientiousness,Organization,NA
2019-11-10 8:00,36,conscientiousness,Productiveness,NA
2019-11-10 8:00,36,conscientiousness,Responsibility,NA
2019-11-10 8:00,36,extraversion,Assertiveness,NA
2019-11-10 8:00,36,extraversion,Energy.Level,NA
2019-11-10 8:00,36,extraversion,Sociability,NA
2019-11-10 8:00,36,neuroticism,Anxiety,NA
2019-11-10 8:00,36,neuroticism,Depression,NA
2019-11-10 8:00,36,neuroticism,Emotional.Volatility,NA
2019-11-10 8:00,36,openness,Aesthetic.Sensitivity,NA
2019-11-10 8:00,36,openness,Creative.Imagination,NA
2019-11-10 8:00,36,openness,Intellectual.Curiosity,NA
2019-11-10 14:37,37,agreeableness,Compassion,3
2019-11-10 14:37,37,agreeableness,Respectfulness,4
2019-11-10 14:37,37,agreeableness,Trust,3.1462603701943044
2019-11-10 14:37,37,conscientiousness,Organization,2
2019-11-10 14:37,37,conscientiousness,Productiveness,0.18754930709381457
2019-11-10 14:37,37,conscientiousness,Responsibility,2.548472305947476
2019-11-10 14:37,37,extraversion,Assertiveness,1.0787504760656246
2019-11-10 14:37,37,extraversion,Energy.Level,1.4410291656293277
2019-11-10 14:37,37,extraversion,Sociability,3
2019-11-10 14:37,37,neuroticism,Anxiety,4
2019-11-10 14:37,37,neuroticism,Depression,5
2019-11-10 14:37,37,neuroticism,Emotional.Volatility,4
2019-11-10 14:37,37,openness,Aesthetic.Sensitivity,3.7068474547884227
2019-11-10 14:37,37,openness,Creative.Imagination,2
2019-11-10 14:37,37,openness,Intellectual.Curiosity,3.1192584093119717
2019-11-10 19:38,38,agreeableness,Compassion,1.7701303492046
2019-11-10 19:38,38,agreeableness,Respectfulness,3
2019-11-10 19:38,38,agreeableness,Trust,2.2268546146543104
2019-11-10 19:38,38,conscientiousness,Organization,1
2019-11-10 19:38,38,conscientiousness,Productiveness,1
2019-11-10 19:38,38,conscientiousness,Responsibility,2.500057860099063
2019-11-10 19:38,38,extraversion,Assertiveness,3.6515693782810104
2019-11-10 19:38,38,extraversion,Energy.Level,2
2019-11-10 19:38,38,extraversion,Sociability,3
2019-11-10 19:38,38,neuroticism,Anxiety,3
2019-11-10 19:38,38,neuroticism,Depression,5
2019-11-10 19:38,38,neuroticism,Emotional.Volatility,4
2019-11-10 19:38,38,openness,Aesthetic.Sensitivity,2
2019-11-10 19:38,38,openness,Creative.Imagination,1.8098391176290836
2019-11-10 19:38,38,openness,Intellectual.Curiosity,2
2019-11-10 20:00,39,agreeableness,Compassion,NA
2019-11-10 20:00,39,agreeableness,Respectfulness,NA
2019-11-10 20:00,39,agreeableness,Trust,NA
2019-11-10 20:00,39,conscientiousness,Organization,NA
2019-11-10 20:00,39,conscientiousness,Productiveness,NA
2019-11-10 20:00,39,conscientiousness,Responsibility,NA
2019-11-10 20:00,39,extraversion,Assertiveness,NA
2019-11-10 20:00,39,extraversion,Energy.Level,NA
2019-11-10 20:00,39,extraversion,Sociability,NA
2019-11-10 20:00,39,neuroticism,Anxiety,NA
2019-11-10 20:00,39,neuroticism,Depression,NA
2019-11-10 20:00,39,neuroticism,Emotional.Volatility,NA
2019-11-10 20:00,39,openness,Aesthetic.Sensitivity,NA
2019-11-10 20:00,39,openness,Creative.Imagination,NA
2019-11-10 20:00,39,openness,Intellectual.Curiosity,NA
2019-11-11 0:00,40,agreeableness,Compassion,NA
2019-11-11 0:00,40,agreeableness,Respectfulness,NA
2019-11-11 0:00,40,agreeableness,Trust,NA
2019-11-11 0:00,40,conscientiousness,Organization,NA
2019-11-11 0:00,40,conscientiousness,Productiveness,NA
2019-11-11 0:00,40,conscientiousness,Responsibility,NA
2019-11-11 0:00,40,extraversion,Assertiveness,NA
2019-11-11 0:00,40,extraversion,Energy.Level,NA
2019-11-11 0:00,40,extraversion,Sociability,NA
2019-11-11 0:00,40,neuroticism,Anxiety,NA
2019-11-11 0:00,40,neuroticism,Depression,NA
2019-11-11 0:00,40,neuroticism,Emotional.Volatility,NA
2019-11-11 0:00,40,openness,Aesthetic.Sensitivity,NA
2019-11-11 0:00,40,openness,Creative.Imagination,NA
2019-11-11 0:00,40,openness,Intellectual.Curiosity,NA
2019-11-11 4:00,41,agreeableness,Compassion,NA
2019-11-11 4:00,41,agreeableness,Respectfulness,NA
2019-11-11 4:00,41,agreeableness,Trust,NA
2019-11-11 4:00,41,conscientiousness,Organization,NA
2019-11-11 4:00,41,conscientiousness,Productiveness,NA
2019-11-11 4:00,41,conscientiousness,Responsibility,NA
2019-11-11 4:00,41,extraversion,Assertiveness,NA
2019-11-11 4:00,41,extraversion,Energy.Level,NA
2019-11-11 4:00,41,extraversion,Sociability,NA
2019-11-11 4:00,41,neuroticism,Anxiety,NA
2019-11-11 4:00,41,neuroticism,Depression,NA
2019-11-11 4:00,41,neuroticism,Emotional.Volatility,NA
2019-11-11 4:00,41,openness,Aesthetic.Sensitivity,NA
2019-11-11 4:00,41,openness,Creative.Imagination,NA
2019-11-11 4:00,41,openness,Intellectual.Curiosity,NA
2019-11-11 8:00,42,agreeableness,Compassion,NA
2019-11-11 8:00,42,agreeableness,Respectfulness,NA
2019-11-11 8:00,42,agreeableness,Trust,NA
2019-11-11 8:00,42,conscientiousness,Organization,NA
2019-11-11 8:00,42,conscientiousness,Productiveness,NA
2019-11-11 8:00,42,conscientiousness,Responsibility,NA
2019-11-11 8:00,42,extraversion,Assertiveness,NA
2019-11-11 8:00,42,extraversion,Energy.Level,NA
2019-11-11 8:00,42,extraversion,Sociability,NA
2019-11-11 8:00,42,neuroticism,Anxiety,NA
2019-11-11 8:00,42,neuroticism,Depression,NA
2019-11-11 8:00,42,neuroticism,Emotional.Volatility,NA
2019-11-11 8:00,42,openness,Aesthetic.Sensitivity,NA
2019-11-11 8:00,42,openness,Creative.Imagination,NA
2019-11-11 8:00,42,openness,Intellectual.Curiosity,NA
2019-11-11 12:00,43,agreeableness,Compassion,NA
2019-11-11 12:00,43,agreeableness,Respectfulness,NA
2019-11-11 12:00,43,agreeableness,Trust,NA
2019-11-11 12:00,43,conscientiousness,Organization,NA
2019-11-11 12:00,43,conscientiousness,Productiveness,NA
2019-11-11 12:00,43,conscientiousness,Responsibility,NA
2019-11-11 12:00,43,extraversion,Assertiveness,NA
2019-11-11 12:00,43,extraversion,Energy.Level,NA
2019-11-11 12:00,43,extraversion,Sociability,NA
2019-11-11 12:00,43,neuroticism,Anxiety,NA
2019-11-11 12:00,43,neuroticism,Depression,NA
2019-11-11 12:00,43,neuroticism,Emotional.Volatility,NA
2019-11-11 12:00,43,openness,Aesthetic.Sensitivity,NA
2019-11-11 12:00,43,openness,Creative.Imagination,NA
2019-11-11 12:00,43,openness,Intellectual.Curiosity,NA
2019-11-11 16:00,44,agreeableness,Compassion,NA
2019-11-11 16:00,44,agreeableness,Respectfulness,NA
2019-11-11 16:00,44,agreeableness,Trust,NA
2019-11-11 16:00,44,conscientiousness,Organization,NA
2019-11-11 16:00,44,conscientiousness,Productiveness,NA
2019-11-11 16:00,44,conscientiousness,Responsibility,NA
2019-11-11 16:00,44,extraversion,Assertiveness,NA
2019-11-11 16:00,44,extraversion,Energy.Level,NA
2019-11-11 16:00,44,extraversion,Sociability,NA
2019-11-11 16:00,44,neuroticism,Anxiety,NA
2019-11-11 16:00,44,neuroticism,Depression,NA
2019-11-11 16:00,44,neuroticism,Emotional.Volatility,NA
2019-11-11 16:00,44,openness,Aesthetic.Sensitivity,NA
2019-11-11 16:00,44,openness,Creative.Imagination,NA
2019-11-11 16:00,44,openness,Intellectual.Curiosity,NA
2019-11-11 20:00,45,agreeableness,Compassion,NA
2019-11-11 20:00,45,agreeableness,Respectfulness,NA
2019-11-11 20:00,45,agreeableness,Trust,NA
2019-11-11 20:00,45,conscientiousness,Organization,NA
2019-11-11 20:00,45,conscientiousness,Productiveness,NA
2019-11-11 20:00,45,conscientiousness,Responsibility,NA
2019-11-11 20:00,45,extraversion,Assertiveness,NA
2019-11-11 20:00,45,extraversion,Energy.Level,NA
2019-11-11 20:00,45,extraversion,Sociability,NA
2019-11-11 20:00,45,neuroticism,Anxiety,NA
2019-11-11 20:00,45,neuroticism,Depression,NA
2019-11-11 20:00,45,neuroticism,Emotional.Volatility,NA
2019-11-11 20:00,45,openness,Aesthetic.Sensitivity,NA
2019-11-11 20:00,45,openness,Creative.Imagination,NA
2019-11-11 20:00,45,openness,Intellectual.Curiosity,NA
2019-11-12 0:00,46,agreeableness,Compassion,NA
2019-11-12 0:00,46,agreeableness,Respectfulness,NA
2019-11-12 0:00,46,agreeableness,Trust,NA
2019-11-12 0:00,46,conscientiousness,Organization,NA
2019-11-12 0:00,46,conscientiousness,Productiveness,NA
2019-11-12 0:00,46,conscientiousness,Responsibility,NA
2019-11-12 0:00,46,extraversion,Assertiveness,NA
2019-11-12 0:00,46,extraversion,Energy.Level,NA
2019-11-12 0:00,46,extraversion,Sociability,NA
2019-11-12 0:00,46,neuroticism,Anxiety,NA
2019-11-12 0:00,46,neuroticism,Depression,NA
2019-11-12 0:00,46,neuroticism,Emotional.Volatility,NA
2019-11-12 0:00,46,openness,Aesthetic.Sensitivity,NA
2019-11-12 0:00,46,openness,Creative.Imagination,NA
2019-11-12 0:00,46,openness,Intellectual.Curiosity,NA
2019-11-12 4:00,47,agreeableness,Compassion,NA
2019-11-12 4:00,47,agreeableness,Respectfulness,NA
2019-11-12 4:00,47,agreeableness,Trust,NA
2019-11-12 4:00,47,conscientiousness,Organization,NA
2019-11-12 4:00,47,conscientiousness,Productiveness,NA
2019-11-12 4:00,47,conscientiousness,Responsibility,NA
2019-11-12 4:00,47,extraversion,Assertiveness,NA
2019-11-12 4:00,47,extraversion,Energy.Level,NA
2019-11-12 4:00,47,extraversion,Sociability,NA
2019-11-12 4:00,47,neuroticism,Anxiety,NA
2019-11-12 4:00,47,neuroticism,Depression,NA
2019-11-12 4:00,47,neuroticism,Emotional.Volatility,NA
2019-11-12 4:00,47,openness,Aesthetic.Sensitivity,NA
2019-11-12 4:00,47,openness,Creative.Imagination,NA
2019-11-12 4:00,47,openness,Intellectual.Curiosity,NA
2019-11-12 8:00,48,agreeableness,Compassion,NA
2019-11-12 8:00,48,agreeableness,Respectfulness,NA
2019-11-12 8:00,48,agreeableness,Trust,NA
2019-11-12 8:00,48,conscientiousness,Organization,NA
2019-11-12 8:00,48,conscientiousness,Productiveness,NA
2019-11-12 8:00,48,conscientiousness,Responsibility,NA
2019-11-12 8:00,48,extraversion,Assertiveness,NA
2019-11-12 8:00,48,extraversion,Energy.Level,NA
2019-11-12 8:00,48,extraversion,Sociability,NA
2019-11-12 8:00,48,neuroticism,Anxiety,NA
2019-11-12 8:00,48,neuroticism,Depression,NA
2019-11-12 8:00,48,neuroticism,Emotional.Volatility,NA
2019-11-12 8:00,48,openness,Aesthetic.Sensitivity,NA
2019-11-12 8:00,48,openness,Creative.Imagination,NA
2019-11-12 8:00,48,openness,Intellectual.Curiosity,NA
2019-11-12 12:00,49,agreeableness,Compassion,NA
2019-11-12 12:00,49,agreeableness,Respectfulness,NA
2019-11-12 12:00,49,agreeableness,Trust,NA
2019-11-12 12:00,49,conscientiousness,Organization,NA
2019-11-12 12:00,49,conscientiousness,Productiveness,NA
2019-11-12 12:00,49,conscientiousness,Responsibility,NA
2019-11-12 12:00,49,extraversion,Assertiveness,NA
2019-11-12 12:00,49,extraversion,Energy.Level,NA
2019-11-12 12:00,49,extraversion,Sociability,NA
2019-11-12 12:00,49,neuroticism,Anxiety,NA
2019-11-12 12:00,49,neuroticism,Depression,NA
2019-11-12 12:00,49,neuroticism,Emotional.Volatility,NA
2019-11-12 12:00,49,openness,Aesthetic.Sensitivity,NA
2019-11-12 12:00,49,openness,Creative.Imagination,NA
2019-11-12 12:00,49,openness,Intellectual.Curiosity,NA
2019-11-12 16:00,50,agreeableness,Compassion,NA
2019-11-12 16:00,50,agreeableness,Respectfulness,NA
2019-11-12 16:00,50,agreeableness,Trust,NA
2019-11-12 16:00,50,conscientiousness,Organization,NA
2019-11-12 16:00,50,conscientiousness,Productiveness,NA
2019-11-12 16:00,50,conscientiousness,Responsibility,NA
2019-11-12 16:00,50,extraversion,Assertiveness,NA
2019-11-12 16:00,50,extraversion,Energy.Level,NA
2019-11-12 16:00,50,extraversion,Sociability,NA
2019-11-12 16:00,50,neuroticism,Anxiety,NA
2019-11-12 16:00,50,neuroticism,Depression,NA
2019-11-12 16:00,50,neuroticism,Emotional.Volatility,NA
2019-11-12 16:00,50,openness,Aesthetic.Sensitivity,NA
2019-11-12 16:00,50,openness,Creative.Imagination,NA
2019-11-12 16:00,50,openness,Intellectual.Curiosity,NA
2019-11-12 22:54,51,agreeableness,Compassion,4
2019-11-12 22:54,51,agreeableness,Respectfulness,3
2019-11-12 22:54,51,agreeableness,Trust,3.3560659567408115
2019-11-12 22:54,51,conscientiousness,Organization,4
2019-11-12 22:54,51,conscientiousness,Productiveness,3.268173891024511
2019-11-12 22:54,51,conscientiousness,Responsibility,4
2019-11-12 22:54,51,extraversion,Assertiveness,1.4180669656875244
2019-11-12 22:54,51,extraversion,Energy.Level,2
2019-11-12 22:54,51,extraversion,Sociability,3
2019-11-12 22:54,51,neuroticism,Anxiety,3
2019-11-12 22:54,51,neuroticism,Depression,4
2019-11-12 22:54,51,neuroticism,Emotional.Volatility,4
2019-11-12 22:54,51,openness,Aesthetic.Sensitivity,3.498021461324939
2019-11-12 22:54,51,openness,Creative.Imagination,3
2019-11-12 22:54,51,openness,Intellectual.Curiosity,3
2019-11-13 0:00,52,agreeableness,Compassion,NA
2019-11-13 0:00,52,agreeableness,Respectfulness,NA
2019-11-13 0:00,52,agreeableness,Trust,NA
2019-11-13 0:00,52,conscientiousness,Organization,NA
2019-11-13 0:00,52,conscientiousness,Productiveness,NA
2019-11-13 0:00,52,conscientiousness,Responsibility,NA
2019-11-13 0:00,52,extraversion,Assertiveness,NA
2019-11-13 0:00,52,extraversion,Energy.Level,NA
2019-11-13 0:00,52,extraversion,Sociability,NA
2019-11-13 0:00,52,neuroticism,Anxiety,NA
2019-11-13 0:00,52,neuroticism,Depression,NA
2019-11-13 0:00,52,neuroticism,Emotional.Volatility,NA
2019-11-13 0:00,52,openness,Aesthetic.Sensitivity,NA
2019-11-13 0:00,52,openness,Creative.Imagination,NA
2019-11-13 0:00,52,openness,Intellectual.Curiosity,NA
2019-11-13 4:00,53,agreeableness,Compassion,NA
2019-11-13 4:00,53,agreeableness,Respectfulness,NA
2019-11-13 4:00,53,agreeableness,Trust,NA
2019-11-13 4:00,53,conscientiousness,Organization,NA
2019-11-13 4:00,53,conscientiousness,Productiveness,NA
2019-11-13 4:00,53,conscientiousness,Responsibility,NA
2019-11-13 4:00,53,extraversion,Assertiveness,NA
2019-11-13 4:00,53,extraversion,Energy.Level,NA
2019-11-13 4:00,53,extraversion,Sociability,NA
2019-11-13 4:00,53,neuroticism,Anxiety,NA
2019-11-13 4:00,53,neuroticism,Depression,NA
2019-11-13 4:00,53,neuroticism,Emotional.Volatility,NA
2019-11-13 4:00,53,openness,Aesthetic.Sensitivity,NA
2019-11-13 4:00,53,openness,Creative.Imagination,NA
2019-11-13 4:00,53,openness,Intellectual.Curiosity,NA
2019-11-13 8:00,54,agreeableness,Compassion,NA
2019-11-13 8:00,54,agreeableness,Respectfulness,NA
2019-11-13 8:00,54,agreeableness,Trust,NA
2019-11-13 8:00,54,conscientiousness,Organization,NA
2019-11-13 8:00,54,conscientiousness,Productiveness,NA
2019-11-13 8:00,54,conscientiousness,Responsibility,NA
2019-11-13 8:00,54,extraversion,Assertiveness,NA
2019-11-13 8:00,54,extraversion,Energy.Level,NA
2019-11-13 8:00,54,extraversion,Sociability,NA
2019-11-13 8:00,54,neuroticism,Anxiety,NA
2019-11-13 8:00,54,neuroticism,Depression,NA
2019-11-13 8:00,54,neuroticism,Emotional.Volatility,NA
2019-11-13 8:00,54,openness,Aesthetic.Sensitivity,NA
2019-11-13 8:00,54,openness,Creative.Imagination,NA
2019-11-13 8:00,54,openness,Intellectual.Curiosity,NA
2019-11-13 12:00,55,agreeableness,Compassion,NA
2019-11-13 12:00,55,agreeableness,Respectfulness,NA
2019-11-13 12:00,55,agreeableness,Trust,NA
2019-11-13 12:00,55,conscientiousness,Organization,NA
2019-11-13 12:00,55,conscientiousness,Productiveness,NA
2019-11-13 12:00,55,conscientiousness,Responsibility,NA
2019-11-13 12:00,55,extraversion,Assertiveness,NA
2019-11-13 12:00,55,extraversion,Energy.Level,NA
2019-11-13 12:00,55,extraversion,Sociability,NA
2019-11-13 12:00,55,neuroticism,Anxiety,NA
2019-11-13 12:00,55,neuroticism,Depression,NA
2019-11-13 12:00,55,neuroticism,Emotional.Volatility,NA
2019-11-13 12:00,55,openness,Aesthetic.Sensitivity,NA
2019-11-13 12:00,55,openness,Creative.Imagination,NA
2019-11-13 12:00,55,openness,Intellectual.Curiosity,NA
2019-11-13 16:00,56,agreeableness,Compassion,NA
2019-11-13 16:00,56,agreeableness,Respectfulness,NA
2019-11-13 16:00,56,agreeableness,Trust,NA
2019-11-13 16:00,56,conscientiousness,Organization,NA
2019-11-13 16:00,56,conscientiousness,Productiveness,NA
2019-11-13 16:00,56,conscientiousness,Responsibility,NA
2019-11-13 16:00,56,extraversion,Assertiveness,NA
2019-11-13 16:00,56,extraversion,Energy.Level,NA
2019-11-13 16:00,56,extraversion,Sociability,NA
2019-11-13 16:00,56,neuroticism,Anxiety,NA
2019-11-13 16:00,56,neuroticism,Depression,NA
2019-11-13 16:00,56,neuroticism,Emotional.Volatility,NA
2019-11-13 16:00,56,openness,Aesthetic.Sensitivity,NA
2019-11-13 16:00,56,openness,Creative.Imagination,NA
2019-11-13 16:00,56,openness,Intellectual.Curiosity,NA
2019-11-13 20:00,57,agreeableness,Compassion,NA
2019-11-13 20:00,57,agreeableness,Respectfulness,NA
2019-11-13 20:00,57,agreeableness,Trust,NA
2019-11-13 20:00,57,conscientiousness,Organization,NA
2019-11-13 20:00,57,conscientiousness,Productiveness,NA
2019-11-13 20:00,57,conscientiousness,Responsibility,NA
2019-11-13 20:00,57,extraversion,Assertiveness,NA
2019-11-13 20:00,57,extraversion,Energy.Level,NA
2019-11-13 20:00,57,extraversion,Sociability,NA
2019-11-13 20:00,57,neuroticism,Anxiety,NA
2019-11-13 20:00,57,neuroticism,Depression,NA
2019-11-13 20:00,57,neuroticism,Emotional.Volatility,NA
2019-11-13 20:00,57,openness,Aesthetic.Sensitivity,NA
2019-11-13 20:00,57,openness,Creative.Imagination,NA
2019-11-13 20:00,57,openness,Intellectual.Curiosity,NA
2019-11-14 0:00,58,agreeableness,Compassion,NA
2019-11-14 0:00,58,agreeableness,Respectfulness,NA
2019-11-14 0:00,58,agreeableness,Trust,NA
2019-11-14 0:00,58,conscientiousness,Organization,NA
2019-11-14 0:00,58,conscientiousness,Productiveness,NA
2019-11-14 0:00,58,conscientiousness,Responsibility,NA
2019-11-14 0:00,58,extraversion,Assertiveness,NA
2019-11-14 0:00,58,extraversion,Energy.Level,NA
2019-11-14 0:00,58,extraversion,Sociability,NA
2019-11-14 0:00,58,neuroticism,Anxiety,NA
2019-11-14 0:00,58,neuroticism,Depression,NA
2019-11-14 0:00,58,neuroticism,Emotional.Volatility,NA
2019-11-14 0:00,58,openness,Aesthetic.Sensitivity,NA
2019-11-14 0:00,58,openness,Creative.Imagination,NA
2019-11-14 0:00,58,openness,Intellectual.Curiosity,NA
2019-11-14 4:00,59,agreeableness,Compassion,NA
2019-11-14 4:00,59,agreeableness,Respectfulness,NA
2019-11-14 4:00,59,agreeableness,Trust,NA
2019-11-14 4:00,59,conscientiousness,Organization,NA
2019-11-14 4:00,59,conscientiousness,Productiveness,NA
2019-11-14 4:00,59,conscientiousness,Responsibility,NA
2019-11-14 4:00,59,extraversion,Assertiveness,NA
2019-11-14 4:00,59,extraversion,Energy.Level,NA
2019-11-14 4:00,59,extraversion,Sociability,NA
2019-11-14 4:00,59,neuroticism,Anxiety,NA
2019-11-14 4:00,59,neuroticism,Depression,NA
2019-11-14 4:00,59,neuroticism,Emotional.Volatility,NA
2019-11-14 4:00,59,openness,Aesthetic.Sensitivity,NA
2019-11-14 4:00,59,openness,Creative.Imagination,NA
2019-11-14 4:00,59,openness,Intellectual.Curiosity,NA
2019-11-14 8:00,60,agreeableness,Compassion,NA
2019-11-14 8:00,60,agreeableness,Respectfulness,NA
2019-11-14 8:00,60,agreeableness,Trust,NA
2019-11-14 8:00,60,conscientiousness,Organization,NA
2019-11-14 8:00,60,conscientiousness,Productiveness,NA
2019-11-14 8:00,60,conscientiousness,Responsibility,NA
2019-11-14 8:00,60,extraversion,Assertiveness,NA
2019-11-14 8:00,60,extraversion,Energy.Level,NA
2019-11-14 8:00,60,extraversion,Sociability,NA
2019-11-14 8:00,60,neuroticism,Anxiety,NA
2019-11-14 8:00,60,neuroticism,Depression,NA
2019-11-14 8:00,60,neuroticism,Emotional.Volatility,NA
2019-11-14 8:00,60,openness,Aesthetic.Sensitivity,NA
2019-11-14 8:00,60,openness,Creative.Imagination,NA
2019-11-14 8:00,60,openness,Intellectual.Curiosity,NA
2019-11-14 12:00,61,agreeableness,Compassion,NA
2019-11-14 12:00,61,agreeableness,Respectfulness,NA
2019-11-14 12:00,61,agreeableness,Trust,NA
2019-11-14 12:00,61,conscientiousness,Organization,NA
2019-11-14 12:00,61,conscientiousness,Productiveness,NA
2019-11-14 12:00,61,conscientiousness,Responsibility,NA
2019-11-14 12:00,61,extraversion,Assertiveness,NA
2019-11-14 12:00,61,extraversion,Energy.Level,NA
2019-11-14 12:00,61,extraversion,Sociability,NA
2019-11-14 12:00,61,neuroticism,Anxiety,NA
2019-11-14 12:00,61,neuroticism,Depression,NA
2019-11-14 12:00,61,neuroticism,Emotional.Volatility,NA
2019-11-14 12:00,61,openness,Aesthetic.Sensitivity,NA
2019-11-14 12:00,61,openness,Creative.Imagination,NA
2019-11-14 12:00,61,openness,Intellectual.Curiosity,NA
2019-11-14 16:00,62,agreeableness,Compassion,NA
2019-11-14 16:00,62,agreeableness,Respectfulness,NA
2019-11-14 16:00,62,agreeableness,Trust,NA
2019-11-14 16:00,62,conscientiousness,Organization,NA
2019-11-14 16:00,62,conscientiousness,Productiveness,NA
2019-11-14 16:00,62,conscientiousness,Responsibility,NA
2019-11-14 16:00,62,extraversion,Assertiveness,NA
2019-11-14 16:00,62,extraversion,Energy.Level,NA
2019-11-14 16:00,62,extraversion,Sociability,NA
2019-11-14 16:00,62,neuroticism,Anxiety,NA
2019-11-14 16:00,62,neuroticism,Depression,NA
2019-11-14 16:00,62,neuroticism,Emotional.Volatility,NA
2019-11-14 16:00,62,openness,Aesthetic.Sensitivity,NA
2019-11-14 16:00,62,openness,Creative.Imagination,NA
2019-11-14 16:00,62,openness,Intellectual.Curiosity,NA
2019-11-14 20:00,63,agreeableness,Compassion,NA
2019-11-14 20:00,63,agreeableness,Respectfulness,NA
2019-11-14 20:00,63,agreeableness,Trust,NA
2019-11-14 20:00,63,conscientiousness,Organization,NA
2019-11-14 20:00,63,conscientiousness,Productiveness,NA
2019-11-14 20:00,63,conscientiousness,Responsibility,NA
2019-11-14 20:00,63,extraversion,Assertiveness,NA
2019-11-14 20:00,63,extraversion,Energy.Level,NA
2019-11-14 20:00,63,extraversion,Sociability,NA
2019-11-14 20:00,63,neuroticism,Anxiety,NA
2019-11-14 20:00,63,neuroticism,Depression,NA
2019-11-14 20:00,63,neuroticism,Emotional.Volatility,NA
2019-11-14 20:00,63,openness,Aesthetic.Sensitivity,NA
2019-11-14 20:00,63,openness,Creative.Imagination,NA
2019-11-14 20:00,63,openness,Intellectual.Curiosity,NA
2019-11-15 0:00,64,agreeableness,Compassion,NA
2019-11-15 0:00,64,agreeableness,Respectfulness,NA
2019-11-15 0:00,64,agreeableness,Trust,NA
2019-11-15 0:00,64,conscientiousness,Organization,NA
2019-11-15 0:00,64,conscientiousness,Productiveness,NA
2019-11-15 0:00,64,conscientiousness,Responsibility,NA
2019-11-15 0:00,64,extraversion,Assertiveness,NA
2019-11-15 0:00,64,extraversion,Energy.Level,NA
2019-11-15 0:00,64,extraversion,Sociability,NA
2019-11-15 0:00,64,neuroticism,Anxiety,NA
2019-11-15 0:00,64,neuroticism,Depression,NA
2019-11-15 0:00,64,neuroticism,Emotional.Volatility,NA
2019-11-15 0:00,64,openness,Aesthetic.Sensitivity,NA
2019-11-15 0:00,64,openness,Creative.Imagination,NA
2019-11-15 0:00,64,openness,Intellectual.Curiosity,NA
2019-11-15 4:00,65,agreeableness,Compassion,NA
2019-11-15 4:00,65,agreeableness,Respectfulness,NA
2019-11-15 4:00,65,agreeableness,Trust,NA
2019-11-15 4:00,65,conscientiousness,Organization,NA
2019-11-15 4:00,65,conscientiousness,Productiveness,NA
2019-11-15 4:00,65,conscientiousness,Responsibility,NA
2019-11-15 4:00,65,extraversion,Assertiveness,NA
2019-11-15 4:00,65,extraversion,Energy.Level,NA
2019-11-15 4:00,65,extraversion,Sociability,NA
2019-11-15 4:00,65,neuroticism,Anxiety,NA
2019-11-15 4:00,65,neuroticism,Depression,NA
2019-11-15 4:00,65,neuroticism,Emotional.Volatility,NA
2019-11-15 4:00,65,openness,Aesthetic.Sensitivity,NA
2019-11-15 4:00,65,openness,Creative.Imagination,NA
2019-11-15 4:00,65,openness,Intellectual.Curiosity,NA
2019-11-15 8:00,66,agreeableness,Compassion,NA
2019-11-15 8:00,66,agreeableness,Respectfulness,NA
2019-11-15 8:00,66,agreeableness,Trust,NA
2019-11-15 8:00,66,conscientiousness,Organization,NA
2019-11-15 8:00,66,conscientiousness,Productiveness,NA
2019-11-15 8:00,66,conscientiousness,Responsibility,NA
2019-11-15 8:00,66,extraversion,Assertiveness,NA
2019-11-15 8:00,66,extraversion,Energy.Level,NA
2019-11-15 8:00,66,extraversion,Sociability,NA
2019-11-15 8:00,66,neuroticism,Anxiety,NA
2019-11-15 8:00,66,neuroticism,Depression,NA
2019-11-15 8:00,66,neuroticism,Emotional.Volatility,NA
2019-11-15 8:00,66,openness,Aesthetic.Sensitivity,NA
2019-11-15 8:00,66,openness,Creative.Imagination,NA
2019-11-15 8:00,66,openness,Intellectual.Curiosity,NA
2019-11-15 12:00,67,agreeableness,Compassion,NA
2019-11-15 12:00,67,agreeableness,Respectfulness,NA
2019-11-15 12:00,67,agreeableness,Trust,NA
2019-11-15 12:00,67,conscientiousness,Organization,NA
2019-11-15 12:00,67,conscientiousness,Productiveness,NA
2019-11-15 12:00,67,conscientiousness,Responsibility,NA
2019-11-15 12:00,67,extraversion,Assertiveness,NA
2019-11-15 12:00,67,extraversion,Energy.Level,NA
2019-11-15 12:00,67,extraversion,Sociability,NA
2019-11-15 12:00,67,neuroticism,Anxiety,NA
2019-11-15 12:00,67,neuroticism,Depression,NA
2019-11-15 12:00,67,neuroticism,Emotional.Volatility,NA
2019-11-15 12:00,67,openness,Aesthetic.Sensitivity,NA
2019-11-15 12:00,67,openness,Creative.Imagination,NA
2019-11-15 12:00,67,openness,Intellectual.Curiosity,NA
2019-11-15 16:00,68,agreeableness,Compassion,NA
2019-11-15 16:00,68,agreeableness,Respectfulness,NA
2019-11-15 16:00,68,agreeableness,Trust,NA
2019-11-15 16:00,68,conscientiousness,Organization,NA
2019-11-15 16:00,68,conscientiousness,Productiveness,NA
2019-11-15 16:00,68,conscientiousness,Responsibility,NA
2019-11-15 16:00,68,extraversion,Assertiveness,NA
2019-11-15 16:00,68,extraversion,Energy.Level,NA
2019-11-15 16:00,68,extraversion,Sociability,NA
2019-11-15 16:00,68,neuroticism,Anxiety,NA
2019-11-15 16:00,68,neuroticism,Depression,NA
2019-11-15 16:00,68,neuroticism,Emotional.Volatility,NA
2019-11-15 16:00,68,openness,Aesthetic.Sensitivity,NA
2019-11-15 16:00,68,openness,Creative.Imagination,NA
2019-11-15 16:00,68,openness,Intellectual.Curiosity,NA
2019-11-15 20:00,69,agreeableness,Compassion,NA
2019-11-15 20:00,69,agreeableness,Respectfulness,NA
2019-11-15 20:00,69,agreeableness,Trust,NA
2019-11-15 20:00,69,conscientiousness,Organization,NA
2019-11-15 20:00,69,conscientiousness,Productiveness,NA
2019-11-15 20:00,69,conscientiousness,Responsibility,NA
2019-11-15 20:00,69,extraversion,Assertiveness,NA
2019-11-15 20:00,69,extraversion,Energy.Level,NA
2019-11-15 20:00,69,extraversion,Sociability,NA
2019-11-15 20:00,69,neuroticism,Anxiety,NA
2019-11-15 20:00,69,neuroticism,Depression,NA
2019-11-15 20:00,69,neuroticism,Emotional.Volatility,NA
2019-11-15 20:00,69,openness,Aesthetic.Sensitivity,NA
2019-11-15 20:00,69,openness,Creative.Imagination,NA
2019-11-15 20:00,69,openness,Intellectual.Curiosity,NA
2019-11-16 0:00,70,agreeableness,Compassion,NA
2019-11-16 0:00,70,agreeableness,Respectfulness,NA
2019-11-16 0:00,70,agreeableness,Trust,NA
2019-11-16 0:00,70,conscientiousness,Organization,NA
2019-11-16 0:00,70,conscientiousness,Productiveness,NA
2019-11-16 0:00,70,conscientiousness,Responsibility,NA
2019-11-16 0:00,70,extraversion,Assertiveness,NA
2019-11-16 0:00,70,extraversion,Energy.Level,NA
2019-11-16 0:00,70,extraversion,Sociability,NA
2019-11-16 0:00,70,neuroticism,Anxiety,NA
2019-11-16 0:00,70,neuroticism,Depression,NA
2019-11-16 0:00,70,neuroticism,Emotional.Volatility,NA
2019-11-16 0:00,70,openness,Aesthetic.Sensitivity,NA
2019-11-16 0:00,70,openness,Creative.Imagination,NA
2019-11-16 0:00,70,openness,Intellectual.Curiosity,NA
2019-11-16 4:00,71,agreeableness,Compassion,NA
2019-11-16 4:00,71,agreeableness,Respectfulness,NA
2019-11-16 4:00,71,agreeableness,Trust,NA
2019-11-16 4:00,71,conscientiousness,Organization,NA
2019-11-16 4:00,71,conscientiousness,Productiveness,NA
2019-11-16 4:00,71,conscientiousness,Responsibility,NA
2019-11-16 4:00,71,extraversion,Assertiveness,NA
2019-11-16 4:00,71,extraversion,Energy.Level,NA
2019-11-16 4:00,71,extraversion,Sociability,NA
2019-11-16 4:00,71,neuroticism,Anxiety,NA
2019-11-16 4:00,71,neuroticism,Depression,NA
2019-11-16 4:00,71,neuroticism,Emotional.Volatility,NA
2019-11-16 4:00,71,openness,Aesthetic.Sensitivity,NA
2019-11-16 4:00,71,openness,Creative.Imagination,NA
2019-11-16 4:00,71,openness,Intellectual.Curiosity,NA
2019-11-16 8:00,72,agreeableness,Compassion,NA
2019-11-16 8:00,72,agreeableness,Respectfulness,NA
2019-11-16 8:00,72,agreeableness,Trust,NA
2019-11-16 8:00,72,conscientiousness,Organization,NA
2019-11-16 8:00,72,conscientiousness,Productiveness,NA
2019-11-16 8:00,72,conscientiousness,Responsibility,NA
2019-11-16 8:00,72,extraversion,Assertiveness,NA
2019-11-16 8:00,72,extraversion,Energy.Level,NA
2019-11-16 8:00,72,extraversion,Sociability,NA
2019-11-16 8:00,72,neuroticism,Anxiety,NA
2019-11-16 8:00,72,neuroticism,Depression,NA
2019-11-16 8:00,72,neuroticism,Emotional.Volatility,NA
2019-11-16 8:00,72,openness,Aesthetic.Sensitivity,NA
2019-11-16 8:00,72,openness,Creative.Imagination,NA
2019-11-16 8:00,72,openness,Intellectual.Curiosity,NA
2019-11-16 12:00,73,agreeableness,Compassion,NA
2019-11-16 12:00,73,agreeableness,Respectfulness,NA
2019-11-16 12:00,73,agreeableness,Trust,NA
2019-11-16 12:00,73,conscientiousness,Organization,NA
2019-11-16 12:00,73,conscientiousness,Productiveness,NA
2019-11-16 12:00,73,conscientiousness,Responsibility,NA
2019-11-16 12:00,73,extraversion,Assertiveness,NA
2019-11-16 12:00,73,extraversion,Energy.Level,NA
2019-11-16 12:00,73,extraversion,Sociability,NA
2019-11-16 12:00,73,neuroticism,Anxiety,NA
2019-11-16 12:00,73,neuroticism,Depression,NA
2019-11-16 12:00,73,neuroticism,Emotional.Volatility,NA
2019-11-16 12:00,73,openness,Aesthetic.Sensitivity,NA
2019-11-16 12:00,73,openness,Creative.Imagination,NA
2019-11-16 12:00,73,openness,Intellectual.Curiosity,NA
2019-11-16 18:00,74,agreeableness,Compassion,2
2019-11-16 18:00,74,agreeableness,Respectfulness,2
2019-11-16 18:00,74,agreeableness,Trust,1.179911148331065
2019-11-16 18:00,74,conscientiousness,Organization,2
2019-11-16 18:00,74,conscientiousness,Productiveness,2
2019-11-16 18:00,74,conscientiousness,Responsibility,2.569238216583091
2019-11-16 18:00,74,extraversion,Assertiveness,3
2019-11-16 18:00,74,extraversion,Energy.Level,1.9579277973129994
2019-11-16 18:00,74,extraversion,Sociability,2.5221888627226594
2019-11-16 18:00,74,neuroticism,Anxiety,5
2019-11-16 18:00,74,neuroticism,Depression,4.5
2019-11-16 18:00,74,neuroticism,Emotional.Volatility,4
2019-11-16 18:00,74,openness,Aesthetic.Sensitivity,3.6696119437797203
2019-11-16 18:00,74,openness,Creative.Imagination,2
2019-11-16 18:00,74,openness,Intellectual.Curiosity,2
2019-11-16 20:00,75,agreeableness,Compassion,NA
2019-11-16 20:00,75,agreeableness,Respectfulness,NA
2019-11-16 20:00,75,agreeableness,Trust,NA
2019-11-16 20:00,75,conscientiousness,Organization,NA
2019-11-16 20:00,75,conscientiousness,Productiveness,NA
2019-11-16 20:00,75,conscientiousness,Responsibility,NA
2019-11-16 20:00,75,extraversion,Assertiveness,NA
2019-11-16 20:00,75,extraversion,Energy.Level,NA
2019-11-16 20:00,75,extraversion,Sociability,NA
2019-11-16 20:00,75,neuroticism,Anxiety,NA
2019-11-16 20:00,75,neuroticism,Depression,NA
2019-11-16 20:00,75,neuroticism,Emotional.Volatility,NA
2019-11-16 20:00,75,openness,Aesthetic.Sensitivity,NA
2019-11-16 20:00,75,openness,Creative.Imagination,NA
2019-11-16 20:00,75,openness,Intellectual.Curiosity,NA
2019-11-17 0:00,76,agreeableness,Compassion,NA
2019-11-17 0:00,76,agreeableness,Respectfulness,NA
2019-11-17 0:00,76,agreeableness,Trust,NA
2019-11-17 0:00,76,conscientiousness,Organization,NA
2019-11-17 0:00,76,conscientiousness,Productiveness,NA
2019-11-17 0:00,76,conscientiousness,Responsibility,NA
2019-11-17 0:00,76,extraversion,Assertiveness,NA
2019-11-17 0:00,76,extraversion,Energy.Level,NA
2019-11-17 0:00,76,extraversion,Sociability,NA
2019-11-17 0:00,76,neuroticism,Anxiety,NA
2019-11-17 0:00,76,neuroticism,Depression,NA
2019-11-17 0:00,76,neuroticism,Emotional.Volatility,NA
2019-11-17 0:00,76,openness,Aesthetic.Sensitivity,NA
2019-11-17 0:00,76,openness,Creative.Imagination,NA
2019-11-17 0:00,76,openness,Intellectual.Curiosity,NA
2019-11-17 4:00,77,agreeableness,Compassion,NA
2019-11-17 4:00,77,agreeableness,Respectfulness,NA
2019-11-17 4:00,77,agreeableness,Trust,NA
2019-11-17 4:00,77,conscientiousness,Organization,NA
2019-11-17 4:00,77,conscientiousness,Productiveness,NA
2019-11-17 4:00,77,conscientiousness,Responsibility,NA
2019-11-17 4:00,77,extraversion,Assertiveness,NA
2019-11-17 4:00,77,extraversion,Energy.Level,NA
2019-11-17 4:00,77,extraversion,Sociability,NA
2019-11-17 4:00,77,neuroticism,Anxiety,NA
2019-11-17 4:00,77,neuroticism,Depression,NA
2019-11-17 4:00,77,neuroticism,Emotional.Volatility,NA
2019-11-17 4:00,77,openness,Aesthetic.Sensitivity,NA
2019-11-17 4:00,77,openness,Creative.Imagination,NA
2019-11-17 4:00,77,openness,Intellectual.Curiosity,NA
2019-11-17 8:00,78,agreeableness,Compassion,NA
2019-11-17 8:00,78,agreeableness,Respectfulness,NA
2019-11-17 8:00,78,agreeableness,Trust,NA
2019-11-17 8:00,78,conscientiousness,Organization,NA
2019-11-17 8:00,78,conscientiousness,Productiveness,NA
2019-11-17 8:00,78,conscientiousness,Responsibility,NA
2019-11-17 8:00,78,extraversion,Assertiveness,NA
2019-11-17 8:00,78,extraversion,Energy.Level,NA
2019-11-17 8:00,78,extraversion,Sociability,NA
2019-11-17 8:00,78,neuroticism,Anxiety,NA
2019-11-17 8:00,78,neuroticism,Depression,NA
2019-11-17 8:00,78,neuroticism,Emotional.Volatility,NA
2019-11-17 8:00,78,openness,Aesthetic.Sensitivity,NA
2019-11-17 8:00,78,openness,Creative.Imagination,NA
2019-11-17 8:00,78,openness,Intellectual.Curiosity,NA
2019-11-17 12:00,79,agreeableness,Compassion,NA
2019-11-17 12:00,79,agreeableness,Respectfulness,NA
2019-11-17 12:00,79,agreeableness,Trust,NA
2019-11-17 12:00,79,conscientiousness,Organization,NA
2019-11-17 12:00,79,conscientiousness,Productiveness,NA
2019-11-17 12:00,79,conscientiousness,Responsibility,NA
2019-11-17 12:00,79,extraversion,Assertiveness,NA
2019-11-17 12:00,79,extraversion,Energy.Level,NA
2019-11-17 12:00,79,extraversion,Sociability,NA
2019-11-17 12:00,79,neuroticism,Anxiety,NA
2019-11-17 12:00,79,neuroticism,Depression,NA
2019-11-17 12:00,79,neuroticism,Emotional.Volatility,NA
2019-11-17 12:00,79,openness,Aesthetic.Sensitivity,NA
2019-11-17 12:00,79,openness,Creative.Imagination,NA
2019-11-17 12:00,79,openness,Intellectual.Curiosity,NA
2019-11-17 16:00,80,agreeableness,Compassion,NA
2019-11-17 16:00,80,agreeableness,Respectfulness,NA
2019-11-17 16:00,80,agreeableness,Trust,NA
2019-11-17 16:00,80,conscientiousness,Organization,NA
2019-11-17 16:00,80,conscientiousness,Productiveness,NA
2019-11-17 16:00,80,conscientiousness,Responsibility,NA
2019-11-17 16:00,80,extraversion,Assertiveness,NA
2019-11-17 16:00,80,extraversion,Energy.Level,NA
2019-11-17 16:00,80,extraversion,Sociability,NA
2019-11-17 16:00,80,neuroticism,Anxiety,NA
2019-11-17 16:00,80,neuroticism,Depression,NA
2019-11-17 16:00,80,neuroticism,Emotional.Volatility,NA
2019-11-17 16:00,80,openness,Aesthetic.Sensitivity,NA
2019-11-17 16:00,80,openness,Creative.Imagination,NA
2019-11-17 16:00,80,openness,Intellectual.Curiosity,NA
2019-11-17 20:00,81,agreeableness,Compassion,NA
2019-11-17 20:00,81,agreeableness,Respectfulness,NA
2019-11-17 20:00,81,agreeableness,Trust,NA
2019-11-17 20:00,81,conscientiousness,Organization,NA
2019-11-17 20:00,81,conscientiousness,Productiveness,NA
2019-11-17 20:00,81,conscientiousness,Responsibility,NA
2019-11-17 20:00,81,extraversion,Assertiveness,NA
2019-11-17 20:00,81,extraversion,Energy.Level,NA
2019-11-17 20:00,81,extraversion,Sociability,NA
2019-11-17 20:00,81,neuroticism,Anxiety,NA
2019-11-17 20:00,81,neuroticism,Depression,NA
2019-11-17 20:00,81,neuroticism,Emotional.Volatility,NA
2019-11-17 20:00,81,openness,Aesthetic.Sensitivity,NA
2019-11-17 20:00,81,openness,Creative.Imagination,NA
2019-11-17 20:00,81,openness,Intellectual.Curiosity,NA
2019-11-18 0:00,82,agreeableness,Compassion,NA
2019-11-18 0:00,82,agreeableness,Respectfulness,NA
2019-11-18 0:00,82,agreeableness,Trust,NA
2019-11-18 0:00,82,conscientiousness,Organization,NA
2019-11-18 0:00,82,conscientiousness,Productiveness,NA
2019-11-18 0:00,82,conscientiousness,Responsibility,NA
2019-11-18 0:00,82,extraversion,Assertiveness,NA
2019-11-18 0:00,82,extraversion,Energy.Level,NA
2019-11-18 0:00,82,extraversion,Sociability,NA
2019-11-18 0:00,82,neuroticism,Anxiety,NA
2019-11-18 0:00,82,neuroticism,Depression,NA
2019-11-18 0:00,82,neuroticism,Emotional.Volatility,NA
2019-11-18 0:00,82,openness,Aesthetic.Sensitivity,NA
2019-11-18 0:00,82,openness,Creative.Imagination,NA
2019-11-18 0:00,82,openness,Intellectual.Curiosity,NA
2019-11-18 4:00,83,agreeableness,Compassion,NA
2019-11-18 4:00,83,agreeableness,Respectfulness,NA
2019-11-18 4:00,83,agreeableness,Trust,NA
2019-11-18 4:00,83,conscientiousness,Organization,NA
2019-11-18 4:00,83,conscientiousness,Productiveness,NA
2019-11-18 4:00,83,conscientiousness,Responsibility,NA
2019-11-18 4:00,83,extraversion,Assertiveness,NA
2019-11-18 4:00,83,extraversion,Energy.Level,NA
2019-11-18 4:00,83,extraversion,Sociability,NA
2019-11-18 4:00,83,neuroticism,Anxiety,NA
2019-11-18 4:00,83,neuroticism,Depression,NA
2019-11-18 4:00,83,neuroticism,Emotional.Volatility,NA
2019-11-18 4:00,83,openness,Aesthetic.Sensitivity,NA
2019-11-18 4:00,83,openness,Creative.Imagination,NA
2019-11-18 4:00,83,openness,Intellectual.Curiosity,NA
2019-11-18 8:00,84,agreeableness,Compassion,NA
2019-11-18 8:00,84,agreeableness,Respectfulness,NA
2019-11-18 8:00,84,agreeableness,Trust,NA
2019-11-18 8:00,84,conscientiousness,Organization,NA
2019-11-18 8:00,84,conscientiousness,Productiveness,NA
2019-11-18 8:00,84,conscientiousness,Responsibility,NA
2019-11-18 8:00,84,extraversion,Assertiveness,NA
2019-11-18 8:00,84,extraversion,Energy.Level,NA
2019-11-18 8:00,84,extraversion,Sociability,NA
2019-11-18 8:00,84,neuroticism,Anxiety,NA
2019-11-18 8:00,84,neuroticism,Depression,NA
2019-11-18 8:00,84,neuroticism,Emotional.Volatility,NA
2019-11-18 8:00,84,openness,Aesthetic.Sensitivity,NA
2019-11-18 8:00,84,openness,Creative.Imagination,NA
2019-11-18 8:00,84,openness,Intellectual.Curiosity,NA
2019-11-18 12:00,85,agreeableness,Compassion,NA
2019-11-18 12:00,85,agreeableness,Respectfulness,NA
2019-11-18 12:00,85,agreeableness,Trust,NA
2019-11-18 12:00,85,conscientiousness,Organization,NA
2019-11-18 12:00,85,conscientiousness,Productiveness,NA
2019-11-18 12:00,85,conscientiousness,Responsibility,NA
2019-11-18 12:00,85,extraversion,Assertiveness,NA
2019-11-18 12:00,85,extraversion,Energy.Level,NA
2019-11-18 12:00,85,extraversion,Sociability,NA
2019-11-18 12:00,85,neuroticism,Anxiety,NA
2019-11-18 12:00,85,neuroticism,Depression,NA
2019-11-18 12:00,85,neuroticism,Emotional.Volatility,NA
2019-11-18 12:00,85,openness,Aesthetic.Sensitivity,NA
2019-11-18 12:00,85,openness,Creative.Imagination,NA
2019-11-18 12:00,85,openness,Intellectual.Curiosity,NA
2019-11-18 16:00,86,agreeableness,Compassion,NA
2019-11-18 16:00,86,agreeableness,Respectfulness,NA
2019-11-18 16:00,86,agreeableness,Trust,NA
2019-11-18 16:00,86,conscientiousness,Organization,NA
2019-11-18 16:00,86,conscientiousness,Productiveness,NA
2019-11-18 16:00,86,conscientiousness,Responsibility,NA
2019-11-18 16:00,86,extraversion,Assertiveness,NA
2019-11-18 16:00,86,extraversion,Energy.Level,NA
2019-11-18 16:00,86,extraversion,Sociability,NA
2019-11-18 16:00,86,neuroticism,Anxiety,NA
2019-11-18 16:00,86,neuroticism,Depression,NA
2019-11-18 16:00,86,neuroticism,Emotional.Volatility,NA
2019-11-18 16:00,86,openness,Aesthetic.Sensitivity,NA
2019-11-18 16:00,86,openness,Creative.Imagination,NA
2019-11-18 16:00,86,openness,Intellectual.Curiosity,NA
2019-11-18 20:00,87,agreeableness,Compassion,NA
2019-11-18 20:00,87,agreeableness,Respectfulness,NA
2019-11-18 20:00,87,agreeableness,Trust,NA
2019-11-18 20:00,87,conscientiousness,Organization,NA
2019-11-18 20:00,87,conscientiousness,Productiveness,NA
2019-11-18 20:00,87,conscientiousness,Responsibility,NA
2019-11-18 20:00,87,extraversion,Assertiveness,NA
2019-11-18 20:00,87,extraversion,Energy.Level,NA
2019-11-18 20:00,87,extraversion,Sociability,NA
2019-11-18 20:00,87,neuroticism,Anxiety,NA
2019-11-18 20:00,87,neuroticism,Depression,NA
2019-11-18 20:00,87,neuroticism,Emotional.Volatility,NA
2019-11-18 20:00,87,openness,Aesthetic.Sensitivity,NA
2019-11-18 20:00,87,openness,Creative.Imagination,NA
2019-11-18 20:00,87,openness,Intellectual.Curiosity,NA
2019-11-19 0:00,88,agreeableness,Compassion,NA
2019-11-19 0:00,88,agreeableness,Respectfulness,NA
2019-11-19 0:00,88,agreeableness,Trust,NA
2019-11-19 0:00,88,conscientiousness,Organization,NA
2019-11-19 0:00,88,conscientiousness,Productiveness,NA
2019-11-19 0:00,88,conscientiousness,Responsibility,NA
2019-11-19 0:00,88,extraversion,Assertiveness,NA
2019-11-19 0:00,88,extraversion,Energy.Level,NA
2019-11-19 0:00,88,extraversion,Sociability,NA
2019-11-19 0:00,88,neuroticism,Anxiety,NA
2019-11-19 0:00,88,neuroticism,Depression,NA
2019-11-19 0:00,88,neuroticism,Emotional.Volatility,NA
2019-11-19 0:00,88,openness,Aesthetic.Sensitivity,NA
2019-11-19 0:00,88,openness,Creative.Imagination,NA
2019-11-19 0:00,88,openness,Intellectual.Curiosity,NA
2019-11-19 4:00,89,agreeableness,Compassion,NA
2019-11-19 4:00,89,agreeableness,Respectfulness,NA
2019-11-19 4:00,89,agreeableness,Trust,NA
2019-11-19 4:00,89,conscientiousness,Organization,NA
2019-11-19 4:00,89,conscientiousness,Productiveness,NA
2019-11-19 4:00,89,conscientiousness,Responsibility,NA
2019-11-19 4:00,89,extraversion,Assertiveness,NA
2019-11-19 4:00,89,extraversion,Energy.Level,NA
2019-11-19 4:00,89,extraversion,Sociability,NA
2019-11-19 4:00,89,neuroticism,Anxiety,NA
2019-11-19 4:00,89,neuroticism,Depression,NA
2019-11-19 4:00,89,neuroticism,Emotional.Volatility,NA
2019-11-19 4:00,89,openness,Aesthetic.Sensitivity,NA
2019-11-19 4:00,89,openness,Creative.Imagination,NA
2019-11-19 4:00,89,openness,Intellectual.Curiosity,NA
2019-11-19 8:00,90,agreeableness,Compassion,NA
2019-11-19 8:00,90,agreeableness,Respectfulness,NA
2019-11-19 8:00,90,agreeableness,Trust,NA
2019-11-19 8:00,90,conscientiousness,Organization,NA
2019-11-19 8:00,90,conscientiousness,Productiveness,NA
2019-11-19 8:00,90,conscientiousness,Responsibility,NA
2019-11-19 8:00,90,extraversion,Assertiveness,NA
2019-11-19 8:00,90,extraversion,Energy.Level,NA
2019-11-19 8:00,90,extraversion,Sociability,NA
2019-11-19 8:00,90,neuroticism,Anxiety,NA
2019-11-19 8:00,90,neuroticism,Depression,NA
2019-11-19 8:00,90,neuroticism,Emotional.Volatility,NA
2019-11-19 8:00,90,openness,Aesthetic.Sensitivity,NA
2019-11-19 8:00,90,openness,Creative.Imagination,NA
2019-11-19 8:00,90,openness,Intellectual.Curiosity,NA
